Originality,Fluency,Elaboration,Creativity,Attractiveness,Emotion,Quality,Ngram,Novelty,Lexicla_idea,CLiN,Sum_TTCT_Metrics
1.8,2,2.8,2,1.8,1.8,0.8,13,0.09811548898153419,3,0.38,6.6
2.0,2.2,2.6,2.2,2.2,2.6,0.77,6,0.09220238047314912,7,0.25,6.8
1.6,2.4,2.2,1.6,1.6,1.6,0.74,16,0.014253124561718905,10,0.4,6.2
2.4,2.2,2.8,1.8,2,2.4,0.74,14,0.19945973285406762,1,0.46,7.4
2.2,1.2,1.8,1.6,1.6,2,0.75,8,0.20329607661112323,1,0.34,5.2
2.2,2,1.8,2.6,2.6,1.6,0.86,10,0.53603256,3,0.76,6
2.6,1.6,2.6,2.6,2.4,2.2,0.79,7,0.6257001,0,0.74,6.4
2.4,2.2,2.6,1.6,2,2.2,0.67,19,0.30877644393535386,7,0.73,6.8
2.4,1.8,2.8,2,2.4,2.6,0.72,16,0.12409224070953485,3,0.44,7
1.8,2,2.4,1.4,1.4,1.8,0.75,9,0.3414847177468162,4,0.57,5.8
2.0,1.8,2.8,1.8,2.2,2.2,0.78,14,0.15098726895237513,3,0.43,6.6
2.0,2.2,2,2,1.8,1,0.68,9,0.3208002441527271,4,0.53,6.2
2.2,2.2,1.8,1.6,1.6,1.8,0.91,10,0.21894628350967069,5,0.44,6.2
2.2,2,1.8,2.4,1.6,1.6,0.65,5,0.4887027,1,0.57,5.4
2.2,2.2,2.8,2.6,2.4,2.6,0.64,13,0.4652681922659848,2,0.74,7.2
1.6,1,1.4,1,1,1.4,0.77,8,0.054574296578995436,0,0.18,4
1.8,1.8,2,1.8,1.6,2.6,0.66,3,0.13185793360762613,1,0.17,5.6
2.4,2.6,2.8,2,2.4,2.2,0.61,23,0.49561954,4,1.01,7.8
1.8,2,2.2,1.8,1.2,1.4,0.85,13,0.23137109201327938,1,0.47,6
1.6,2.2,2.2,1.6,1.4,1.8,0.81,15,0.03703864736811868,8,0.41,6
1.8,2,2.6,1.4,2,2,0.62,17,0.01287039847096044,6,0.44,6.4
1.2,2,2.4,1.4,1.4,1.6,0.91,16,0.008385137512312303,6,0.4,5.6
2.4,1.6,2.8,2.4,2.4,1.2,0.8,12,0.5962190483075608,2,0.83,6.8
1.6,1.8,2.4,1.8,2.2,1.4,0.63,13,0.2814404582578877,4,0.57,5.8
2.0,2,2.6,1.6,1.2,2,0.78,26,0.019601323367383308,9,0.66,6.6
1.6,1.2,1.4,1,1.4,1.2,0.69,6,0.011963776900900884,4,0.16,4.2
2.6,1.2,1.8,2,2.2,2,0.66,5,0.75979936,1,0.84,5.6
2.0,1.8,2.8,2.4,1.8,2,0.81,23,0.07470625399688235,6,0.56,6.6
2.2,1.6,2.2,1.6,1.8,1.8,0.71,17,0.03627102259926979,3,0.4,6
2.0,2.2,2.2,1.6,1.6,1.6,0.73,17,0.0214018150462566,7,0.46,6.4
2.0,2,1.6,2.2,2.6,2.2,0.83,9,0.07740305815195798,2,0.25,5.6
2.4,2.2,2.4,2.2,2.6,2.4,0.6,26,0.19250110814960092,13,0.85,7
1.8,2.2,2.4,1.4,1.8,2.2,0.78,18,0.0501583920188109,10,0.56,6.4
2.2,1.8,2.2,2.4,2,2.2,0.73,12,0.29905826336336294,2,0.53,6.2
2.0,2.2,2.4,1.6,1.2,1.8,0.89,23,0.04278310829228741,7,0.58,6.6
2.2,1.8,1.8,2.2,1.6,1.2,0.61,10,0.3649677177076579,4,0.59,5.8
1.8,2.4,2.8,2.8,2.4,2.6,0.71,19,0.13886649540633303,4,0.55,7
1.8,2.6,2.8,1.4,1.4,2.2,0.62,19,0.009999812197181534,8,0.48,7.2
2.0,1.2,1.8,2.2,2,2,0.72,8,0.18284849997380048,6,0.41,5
2.2,2.2,2.8,1.8,1.8,2.2,0.7,21,0.03301824777784966,4,0.5,7.2
2.6,2.6,2.8,1.8,2.2,2,0.84,17,0.50798106,9,0.95,8
2.4,1.8,1.8,2.2,1.6,1.8,0.82,9,0.46494335,1,0.62,6
2.0,1.6,1.8,2.2,2,1.4,0.67,7,0.18772977048119852,3,0.35,5.4
1.6,1.2,1.6,1.4,1.4,1.8,0.66,7,0.1805477294027783,1,0.3,4.4
2.4,1.2,2,2.2,1.4,1.2,0.68,7,0.6803361,1,0.8,5.6
2.0,2.6,2.6,2,2.2,2,0.72,29,0.08560197608280468,10,0.85,7.8
2.4,1.6,2.6,2.6,2.4,2,0.69,19,0.5559911,9,1.04,6.6
2.6,2,2.8,2.6,2.6,2,0.78,17,0.34311022137052294,6,0.71,7.4
2.4,1.4,2.2,2.2,1.6,1.4,0.71,7,0.2581679365466643,1,0.38,6
2.2,1.2,1,1.2,1.4,1,0.76,6,0.6166645,1,0.72,4.4
2.2,2.6,2.6,2,1.6,2.6,0.57,20,0.1842248825272769,3,0.58,7.4
1.6,1.6,2,1.6,1.8,2,0.75,12,0.28302064448878667,2,0.51,5.2
2.2,1.6,1.8,2.2,2.4,2.4,0.75,10,0.04452715293014083,5,0.32,5.6
1.8,1.6,2.4,2,1.6,1.4,0.76,15,0.3381032446996764,9,0.78,5.8
1.4,1.2,1.4,1.6,1.6,1.6,0.71,6,0.04107361191898973,0,0.13,4.4
2.2,1.8,2.6,2.4,1.8,2,0.77,13,0.05341016983247242,3,0.37,7.2
2.2,1.6,2,2.2,1.8,1.4,0.63,9,0.2696727605445952,3,0.45,5.8
2.2,1.8,2,2.4,2.2,2.2,0.73,6,0.6877325,0,0.78,6
2.6,1.6,2.2,1.8,2.2,2.2,0.75,16,0.3006677888677085,4,0.63,6.4
2.0,1.4,2,2.4,2.2,1.4,0.78,10,0.06385938278025162,5,0.28,5.4
2.0,1.6,2.6,1.6,1.6,1.8,0.61,17,0.04982099821786328,2,0.4,6.2
1.6,1.2,2.2,2,1.6,2.2,0.85,11,0.21306929517130738,1,0.41,5
2.2,1.4,1.8,2,1.2,1.8,0.76,6,0.6211593,1,0.72,5.4
1.4,1,1.8,1.4,1.2,1,0.82,7,0.14680456156168054,5,0.31,4.2
2.0,1.8,2,2,2,1.8,0.6,11,0.022273037473870955,2,0.27,5.8
1.8,2,2.6,1.6,1.4,2,0.78,17,0.019622154794963913,8,0.47,6.4
1.6,1,1.4,1.4,1.4,1.2,0.76,7,0.08489802176709302,3,0.22,4
1.8,1.4,1.6,1,1.8,1.6,0.6,10,0.1456483162264648,0,0.32,4.8
2.6,2.6,2.4,2,2.6,2,0.68,16,0.588698,5,0.97,7.6
2.0,1.4,2.8,1.6,1.4,1.2,0.6,6,0.11482548440278312,4,0.24,6.2
1.4,1.2,1.2,1.4,1.2,1.2,0.62,9,0.02336448565429621,1,0.18,4
2.0,1.6,1.8,2.2,2,1.4,0.86,9,0.20139790524936554,4,0.39,5.4
1.8,1.2,1.4,1.4,1.4,1.4,0.81,10,0.04139529890089266,4,0.27,4.4
2.0,2,2,1.6,1.8,1.4,0.58,13,0.03240265794811452,3,0.33,6
2.4,1.8,1.2,2.2,2.2,2.2,0.68,7,0.61034465,1,0.73,5.4
2.2,1.8,2.2,2.6,2.4,1.8,0.61,9,0.4388415816093834,1,0.6,6.2
1.2,1.2,2.4,1.6,1.8,1.8,0.63,14,0.15785599288008598,3,0.46,4.8
1.6,1.4,2.6,1.8,2,1.6,0.7,14,0.12190325096292187,8,0.49,5.6
2.2,1.6,2.4,1.8,1.6,1.6,0.93,11,0.05289910245043938,9,0.35,6.2
1.8,1.4,2,1.8,1.8,1.4,0.7,16,0.2545477803863668,3,0.57,5.2
2.0,1.6,2,1.8,1.6,2.6,0.59,6,0.23049291987772982,0,0.34,5.6
1.2,1,2,1.8,1.8,2.2,0.84,6,0.3621636971766248,2,0.47,4.2
2.4,2.6,1.8,2.8,1.8,1.6,0.69,8,0.10513583559835847,5,0.34,6.8
2.6,1.6,2,2,2.2,2,0.81,9,0.5803275,2,0.77,5.6
1.6,2.2,2,1.4,1.8,1.8,0.68,6,0.08565515844982925,2,0.24,5.8
2.4,1.4,1.8,2.4,2.2,2.4,0.79,6,0.5481173,1,0.67,5.6
2.4,2,2.6,2.2,2.2,2.2,0.76,11,0.2248116787793072,3,0.46,7
2.0,1.8,2.6,1.6,2,2.2,0.78,11,0.10542188220772333,1,0.31,6.4
1.6,2.2,2.4,1.8,2,2.4,0.75,11,0.1411016759863975,9,0.46,6.2
1.2,1.6,2.8,1.8,1.8,1.8,0.79,20,0.01891291221749517,10,0.64,6.4
1.8,1.2,1.8,1.4,1.4,1.4,0.78,8,0.23020874831481564,1,0.37,4.8
2.0,1.6,1.8,1.4,1.6,2,0.75,10,0.04997800523704644,4,0.26,5.4
2.0,1.4,2.2,1.4,1.6,2,0.76,10,0.1950496812296931,5,0.42,5.6
2.6,2,2.6,2.6,2,2.6,0.81,17,0.22682139125971704,9,0.73,7.2
2.2,1.4,2.2,2,2,2,0.75,12,0.13084826850626732,2,0.36,5.8
2.4,2.6,2.6,2.4,2.8,2.2,0.76,14,0.07485958762458533,3,0.39,7.6
2.4,2.2,2.6,2,2,2.2,0.78,13,0.26523491726456383,3,0.55,7.2
2.6,1.8,2,2.4,2.6,2.4,0.8,10,0.0717209525370609,7,0.33,6.4
2.4,1.2,2.2,3,2.6,2.8,0.84,5,0.51906395,0,0.59,5.8
2.2,1.8,2,1.8,1.6,2,0.57,9,0.30931516785198665,1,0.47,6
,,,,,,,,,0,0,0
